﻿<?xml version="1.0" encoding="utf-8" ?>
<c2eventsheet>
    <!--All the 'name' attributes are ignored by Construct 2 - they are there for readability only.-->
    <name>ES_ObjectBehavior</name>
    <events>
        <comment>**Function: Berjalan Ketika Suatu Variabel Berubah (Di Panggil Dari Function SetVariable)</comment>
        <event-block sid="182974257269132">
            <conditions>
                <condition id="0" name="On function" sid="633294846275676" type="Function">
                    <param id="0" name="Name">&quot;VariableChange&quot;</param>
                </condition>
            </conditions>
            <actions />
            <sub-events>
                <variable constant="0" name="VariableName" sid="739679257887358" static="0" type="text"></variable>
                <variable constant="0" name="VariableValue" sid="551749617924286" static="0" type="text"></variable>
                <event-block sid="208120696743973">
                    <conditions />
                    <actions>
                        <action id="-9" name="Set value" sid="568890581196247" type="System">
                            <param id="0" name="Variable">VariableName</param>
                            <param id="1" name="Value">Function.Param(0)</param>
                        </action>
                        <action id="-9" name="Set value" sid="971253176698284" type="System">
                            <param id="0" name="Variable">VariableValue</param>
                            <param id="1" name="Value">Function.Param(1)</param>
                        </action>
                    </actions>
                </event-block>
                <comment>Ketika Suatu Variabel Di Beri Sebuah Nilai Dan Nilai Nya Sesuai Maka Lakukan Sesuatu Di Sini</comment>
                <comment>Conoh Putar Animasi Bridge Terbuka dan Ubah Solid Menjadi Disable</comment>
                <event-block sid="192499255808665">
                    <conditions />
                    <actions />
                </event-block>
                <event-block sid="427735766646608">
                    <conditions>
                        <condition id="-14" name="Compare variable" sid="744082575792256" type="System">
                            <param id="0" name="Variable">VariableName</param>
                            <param id="1" name="Comparison">0</param>
                            <param id="2" name="Value">Batu.batu1</param>
                        </condition>
                        <condition id="-14" name="Compare variable" sid="826908913021337" type="System">
                            <param id="0" name="Variable">VariableValue</param>
                            <param id="1" name="Comparison">0</param>
                            <param id="2" name="Value">Batu.batu2</param>
                        </condition>
                    </conditions>
                    <actions>
                        <action behavior="Solid" id="0" name="Set enabled" sid="622574774525895" type="Batu">
                            <param id="0" name="State">0</param>
                        </action>
                        <action id="4" name="Set animation" sid="859402261413153" type="Batu">
                            <param id="0" name="Animation">&quot;terbuka&quot;</param>
                            <param id="1" name="From">1</param>
                        </action>
                    </actions>
                </event-block>
                <event-block sid="835126092691201">
                    <conditions>
                        <condition id="-14" name="Compare variable" sid="530262429796122" type="System">
                            <param id="0" name="Variable">VariableName</param>
                            <param id="1" name="Comparison">0</param>
                            <param id="2" name="Value">Jembatan.jembatan1</param>
                        </condition>
                        <condition id="-14" name="Compare variable" sid="585986330268785" type="System">
                            <param id="0" name="Variable">VariableValue</param>
                            <param id="1" name="Comparison">0</param>
                            <param id="2" name="Value">Jembatan.jembatan2</param>
                        </condition>
                    </conditions>
                    <actions>
                        <action behavior="Solid" id="0" name="Set enabled" sid="752833561171997" type="Jembatan">
                            <param id="0" name="State">0</param>
                        </action>
                        <action id="4" name="Set animation" sid="779254060836906" type="Jembatan">
                            <param id="0" name="Animation">&quot;terbuka&quot;</param>
                            <param id="1" name="From">1</param>
                        </action>
                    </actions>
                </event-block>
                <event-block sid="327482178851440">
                    <conditions>
                        <condition id="-14" name="Compare variable" sid="440485312648909" type="System">
                            <param id="0" name="Variable">VariableName</param>
                            <param id="1" name="Comparison">0</param>
                            <param id="2" name="Value">Pagar.pagar1</param>
                        </condition>
                        <condition id="-14" name="Compare variable" sid="739639881062500" type="System">
                            <param id="0" name="Variable">VariableValue</param>
                            <param id="1" name="Comparison">0</param>
                            <param id="2" name="Value">Pagar.pagar2</param>
                        </condition>
                    </conditions>
                    <actions>
                        <action behavior="Solid" id="0" name="Set enabled" sid="417057410029308" type="Pagar">
                            <param id="0" name="State">0</param>
                        </action>
                        <action id="4" name="Set animation" sid="665562538721702" type="Pagar">
                            <param id="0" name="Animation">&quot;terbuka&quot;</param>
                            <param id="1" name="From">1</param>
                        </action>
                    </actions>
                </event-block>
                <event-block sid="146992218995724">
                    <conditions />
                    <actions />
                </event-block>
                <event-block sid="319408355240117">
                    <conditions />
                    <actions />
                </event-block>
            </sub-events>
        </event-block>
        <comment>Behavior: Player Untuk Maju</comment>
        <comment>Ketika Player Sampai Tujuan Tanpa Terhalang Solid Maka Jalankan executeCommandComplete Untuk Melanjutka Proses Parse -&gt; Execute</comment>
        <event-block sid="761997291869281">
            <conditions>
                <condition behavior="MoveTo" id="0" name="On hit target position" sid="318639183295149" type="Player" />
            </conditions>
            <actions />
            <sub-events>
                <event-block sid="649698674916914">
                    <conditions />
                    <actions>
                        <action id="0" name="Call function" sid="797572225944978" type="Function">
                            <param id="0" name="Name">&quot;ExecuteCommandComplete&quot;</param>
                            <param id="1" name="Parameter {n}"></param>
                        </action>
                    </actions>
                </event-block>
            </sub-events>
        </event-block>
        <comment>Ketika Object Player Terhalang Solid Maka Jalankan executeCommandComplete Untuk Melanjutka Proses Parse -&gt; Execute</comment>
        <comment>Bisa Tambahkan Hal Lain Semisal Menabrak Suatu Object Maka Lakukan Sesuatu</comment>
        <event-block sid="598973649597193">
            <conditions>
                <condition behavior="MoveTo" id="5" name="On stopped by solid" sid="581598173228029" type="Player" />
            </conditions>
            <actions />
            <sub-events>
                <event-block sid="662434930683439">
                    <conditions />
                    <actions>
                        <action id="0" name="Call function" sid="683951553952368" type="Function">
                            <param id="0" name="Name">&quot;ExecuteCommandComplete&quot;</param>
                            <param id="1" name="Parameter {n}"></param>
                        </action>
                        <action id="0" name="Call function" sid="150649185951608" type="Function">
                            <param id="0" name="Name">&quot;CommandLineError&quot;</param>
                            <param id="1" name="Parameter {n}"></param>
                        </action>
                    </actions>
                </event-block>
            </sub-events>
        </event-block>
        <event-block sid="388798763987135">
            <conditions>
                <condition id="0" name="On function" sid="900390434209507" type="Function">
                    <param id="0" name="Name">&quot;PlayerStep&quot;</param>
                </condition>
            </conditions>
            <actions />
            <sub-events>
                <event-block sid="845900345326631">
                    <conditions />
                    <actions>
                        <action behavior="MoveTo" id="8" name="Move to distance-angle" sid="640955354668191" type="Player">
                            <param id="0" name="Distance">32 * int(Function.Param(0))</param>
                            <param id="1" name="Angle">Player.Angle</param>
                        </action>
                        <action id="0" name="Play" sid="381742295038344" type="Audio">
                            <param id="0" name="Audio file">Footstep</param>
                            <param id="2" name="Loop">0</param>
                            <param id="3" name="Volume">0</param>
                            <param id="1" name="Tag (optional)">&quot;&quot;</param>
                        </action>
                    </actions>
                </event-block>
            </sub-events>
        </event-block>
        <comment>Behavior: Player Untuk Berbelok Kanan Atau Kiri</comment>
        <event-block sid="766034978479591">
            <conditions>
                <condition behavior="RotateTo" id="0" name="On hit target angle" sid="222019917517573" type="Player" />
            </conditions>
            <actions>
                <action id="0" name="Call function" sid="127857345943318" type="Function">
                    <param id="0" name="Name">&quot;ExecuteCommandComplete&quot;</param>
                    <param id="1" name="Parameter {n}"></param>
                </action>
            </actions>
        </event-block>
        <event-block sid="351567582113439">
            <conditions>
                <condition id="0" name="On function" sid="435916319072054" type="Function">
                    <param id="0" name="Name">&quot;PlayerTurn&quot;</param>
                </condition>
            </conditions>
            <actions />
            <sub-events>
                <comment>Kenapa &quot;&quot;&quot;right&quot;&quot;&quot; Bukan &quot;right&quot; Langsung? Karena Jika Hanya &quot;right&quot; Maka Di Code Editor Harus Tertulis right bukan &quot;right&quot;</comment>
                <comment>Jika Di Code Editor Ingin Tertulis &quot;right&quot; Maka Harus Escape Tanda &quot; Dengan Cara Menggunakan &quot;&quot; Yang Hasilnya Menjadi &quot;&quot;&quot;right&quot;&quot;&quot;</comment>
                <comment>Berlaku Untuk Semua String</comment>
                <event-block sid="716004382514804">
                    <conditions>
                        <condition id="-8" name="Compare two values" sid="680046065672427" type="System">
                            <param id="0" name="First value">Function.Param(0)</param>
                            <param id="1" name="Comparison">0</param>
                            <param id="2" name="Second value">&quot;&quot;&quot;right&quot;&quot;&quot;</param>
                        </condition>
                    </conditions>
                    <actions>
                        <action behavior="RotateTo" id="7" name="Rotate by delta angle" sid="893850713710245" type="Player">
                            <param id="0" name="dA">90</param>
                            <param id="1" name="Clockwise">1</param>
                        </action>
                    </actions>
                </event-block>
                <event-block sid="531266644479912">
                    <conditions>
                        <condition id="-22" name="Else" sid="767884743403226" type="System" />
                    </conditions>
                    <actions>
                        <action behavior="RotateTo" id="7" name="Rotate by delta angle" sid="811667928225355" type="Player">
                            <param id="0" name="dA">90</param>
                            <param id="1" name="Clockwise">0</param>
                        </action>
                    </actions>
                </event-block>
            </sub-events>
        </event-block>
        <event-block sid="595086167584840">
            <conditions>
                <condition id="0" name="On function" sid="763593194537683" type="Function">
                    <param id="0" name="Name">&quot;CheckIsLevelComplete&quot;</param>
                </condition>
            </conditions>
            <actions />
            <sub-events>
                <comment>Bagian Untuk Cek Apakah Portal Bertabrakan Dengan Player</comment>
                <comment>Bisa Tambahkan Persyaratan Lain Semisal Harus Melakukan Sesuatu Persyaratan Tertentu Untuk Benar Benar Menyelesaikan Sesuatu</comment>
                <event-block sid="615414674563244">
                    <conditions>
                        <condition id="1" name="Is overlapping another object" sid="367993610929274" type="Portal">
                            <param id="0" name="Object">Player</param>
                        </condition>
                    </conditions>
                    <actions>
                        <action id="0" name="Call function" sid="234462320786462" type="Function">
                            <param id="0" name="Name">&quot;LevelComplete&quot;</param>
                            <param id="1" name="Parameter {n}"></param>
                        </action>
                        <action id="0" name="Play" sid="873670281151947" type="Audio">
                            <param id="0" name="Audio file">Game Level Complete</param>
                            <param id="2" name="Loop">0</param>
                            <param id="3" name="Volume">0</param>
                            <param id="1" name="Tag (optional)">&quot;&quot;</param>
                        </action>
                    </actions>
                </event-block>
                <event-block sid="753990805090536">
                    <conditions>
                        <condition id="-22" name="Else" sid="236127466884382" type="System" />
                    </conditions>
                    <actions />
                </event-block>
            </sub-events>
        </event-block>
        <event-block sid="395107731423124">
            <conditions>
                <condition id="1" name="Is overlapping another object" sid="630333494098064" type="Player">
                    <param id="0" name="Object">Airkiri</param>
                </condition>
            </conditions>
            <actions />
            <sub-events>
                <event-block sid="301163344775042">
                    <conditions>
                        <condition id="-19" name="Pick all" sid="135883211510612" type="System">
                            <param id="0" name="Object">Player</param>
                        </condition>
                    </conditions>
                    <actions>
                        <action id="-9" name="Destroy" sid="356523940460481" type="Player" />
                        <action id="0" name="Call function" sid="821419251749844" type="Function">
                            <param id="0" name="Name">&quot;Log&quot;</param>
                            <param id="1" name="Parameter {n}">&quot;INFO&quot;{###}&quot;Awas jauhi sungai&quot;</param>
                        </action>
                        <action id="0" name="Play" sid="767318779329532" type="Audio">
                            <param id="0" name="Audio file">Water Splash</param>
                            <param id="2" name="Loop">0</param>
                            <param id="3" name="Volume">0</param>
                            <param id="1" name="Tag (optional)">&quot;&quot;</param>
                        </action>
                    </actions>
                </event-block>
            </sub-events>
        </event-block>
        <event-block sid="328239233333151">
            <conditions>
                <condition id="1" name="Is overlapping another object" sid="121633539375824" type="Player">
                    <param id="0" name="Object">Airtengah</param>
                </condition>
            </conditions>
            <actions />
            <sub-events>
                <event-block sid="694425456142793">
                    <conditions>
                        <condition id="-19" name="Pick all" sid="465468397579679" type="System">
                            <param id="0" name="Object">Player</param>
                        </condition>
                    </conditions>
                    <actions>
                        <action id="-9" name="Destroy" sid="881289546724974" type="Player" />
                        <action id="0" name="Call function" sid="746613368309166" type="Function">
                            <param id="0" name="Name">&quot;Log&quot;</param>
                            <param id="1" name="Parameter {n}">&quot;INFO&quot;{###}&quot;Awas jauhi sungai&quot;</param>
                        </action>
                        <action id="0" name="Play" sid="424458403518888" type="Audio">
                            <param id="0" name="Audio file">Water Splash</param>
                            <param id="2" name="Loop">0</param>
                            <param id="3" name="Volume">0</param>
                            <param id="1" name="Tag (optional)">&quot;&quot;</param>
                        </action>
                    </actions>
                </event-block>
            </sub-events>
        </event-block>
        <event-block sid="146627254419810">
            <conditions>
                <condition id="1" name="Is overlapping another object" sid="347618487653877" type="Player">
                    <param id="0" name="Object">Airpojokiri</param>
                </condition>
            </conditions>
            <actions />
            <sub-events>
                <event-block sid="676051542354652">
                    <conditions>
                        <condition id="-19" name="Pick all" sid="150466988048313" type="System">
                            <param id="0" name="Object">Player</param>
                        </condition>
                    </conditions>
                    <actions>
                        <action id="-9" name="Destroy" sid="974439501639070" type="Player" />
                        <action id="0" name="Call function" sid="783506635095436" type="Function">
                            <param id="0" name="Name">&quot;Log&quot;</param>
                            <param id="1" name="Parameter {n}">&quot;INFO&quot;{###}&quot;Awas jauhi sungai&quot;</param>
                        </action>
                        <action id="0" name="Play" sid="401503869795489" type="Audio">
                            <param id="0" name="Audio file">Water Splash</param>
                            <param id="2" name="Loop">0</param>
                            <param id="3" name="Volume">0</param>
                            <param id="1" name="Tag (optional)">&quot;&quot;</param>
                        </action>
                    </actions>
                </event-block>
            </sub-events>
        </event-block>
        <event-block sid="742521389265256">
            <conditions>
                <condition id="1" name="Is overlapping another object" sid="781237574548530" type="Player">
                    <param id="0" name="Object">Airbawah</param>
                </condition>
            </conditions>
            <actions />
            <sub-events>
                <event-block sid="305171973148737">
                    <conditions>
                        <condition id="-19" name="Pick all" sid="115733816150294" type="System">
                            <param id="0" name="Object">Player</param>
                        </condition>
                    </conditions>
                    <actions>
                        <action id="-9" name="Destroy" sid="311275784315671" type="Player" />
                        <action id="0" name="Call function" sid="268358215844079" type="Function">
                            <param id="0" name="Name">&quot;Log&quot;</param>
                            <param id="1" name="Parameter {n}">&quot;INFO&quot;{###}&quot;Awas jauhi sungai&quot;</param>
                        </action>
                        <action id="0" name="Play" sid="296462640423267" type="Audio">
                            <param id="0" name="Audio file">Water Splash</param>
                            <param id="2" name="Loop">0</param>
                            <param id="3" name="Volume">0</param>
                            <param id="1" name="Tag (optional)">&quot;&quot;</param>
                        </action>
                    </actions>
                </event-block>
            </sub-events>
        </event-block>
        <event-block sid="588129057330579">
            <conditions>
                <condition id="0" name="On collision with another object" sid="536573395164298" type="Player">
                    <param id="0" name="Object">Batu</param>
                </condition>
            </conditions>
            <actions />
            <sub-events>
                <event-block sid="933377803956629">
                    <conditions>
                        <condition id="-8" inverted="1" name="Compare two values" sid="556753188148773" type="System">
                            <param id="0" name="First value">Variables.Get(Batu.batu1)</param>
                            <param id="1" name="Comparison">0</param>
                            <param id="2" name="Second value">Batu.batu2</param>
                        </condition>
                    </conditions>
                    <actions>
                        <action id="0" name="Play" sid="257770814545377" type="Audio">
                            <param id="0" name="Audio file">Error Code</param>
                            <param id="2" name="Loop">0</param>
                            <param id="3" name="Volume">0</param>
                            <param id="1" name="Tag (optional)">&quot;&quot;</param>
                        </action>
                        <action id="0" name="Call function" sid="220704858802859" type="Function">
                            <param id="0" name="Name">&quot;Log&quot;</param>
                            <param id="1" name="Parameter {n}">&quot;ERROR&quot;{###}&quot;Masukkan value yang benar untuk menghancurkan batu&quot;</param>
                        </action>
                    </actions>
                </event-block>
            </sub-events>
        </event-block>
        <event-block sid="972454379628275">
            <conditions>
                <condition id="0" name="On collision with another object" sid="124337082497951" type="Player">
                    <param id="0" name="Object">Pagar</param>
                </condition>
            </conditions>
            <actions />
            <sub-events>
                <event-block sid="786445127188655">
                    <conditions>
                        <condition id="-8" inverted="1" name="Compare two values" sid="254571211661114" type="System">
                            <param id="0" name="First value">Variables.Get(Pagar.pagar1)</param>
                            <param id="1" name="Comparison">0</param>
                            <param id="2" name="Second value">Pagar.pagar2</param>
                        </condition>
                    </conditions>
                    <actions>
                        <action id="0" name="Play" sid="456499063774025" type="Audio">
                            <param id="0" name="Audio file">Error Code</param>
                            <param id="2" name="Loop">0</param>
                            <param id="3" name="Volume">0</param>
                            <param id="1" name="Tag (optional)">&quot;&quot;</param>
                        </action>
                        <action id="0" name="Call function" sid="549821990165115" type="Function">
                            <param id="0" name="Name">&quot;Log&quot;</param>
                            <param id="1" name="Parameter {n}">&quot;ERROR&quot;{###}&quot;Masukkan value yang benar untuk membuka pagar&quot;</param>
                        </action>
                    </actions>
                </event-block>
            </sub-events>
        </event-block>
        <event-block sid="631197206096331">
            <conditions>
                <condition id="0" name="On collision with another object" sid="961136246191911" type="Player">
                    <param id="0" name="Object">Jembatan</param>
                </condition>
            </conditions>
            <actions />
            <sub-events>
                <event-block sid="649192427239287">
                    <conditions>
                        <condition id="-8" inverted="1" name="Compare two values" sid="785532041919754" type="System">
                            <param id="0" name="First value">Variables.Get(Jembatan.jembatan1)</param>
                            <param id="1" name="Comparison">0</param>
                            <param id="2" name="Second value">Jembatan.jembatan2</param>
                        </condition>
                    </conditions>
                    <actions>
                        <action id="0" name="Play" sid="359585557377207" type="Audio">
                            <param id="0" name="Audio file">Error Code</param>
                            <param id="2" name="Loop">0</param>
                            <param id="3" name="Volume">0</param>
                            <param id="1" name="Tag (optional)">&quot;&quot;</param>
                        </action>
                        <action id="0" name="Call function" sid="509169660671676" type="Function">
                            <param id="0" name="Name">&quot;Log&quot;</param>
                            <param id="1" name="Parameter {n}">&quot;ERROR&quot;{###}&quot;Masukkan value yang benar untuk melewati jembatan&quot;</param>
                        </action>
                    </actions>
                </event-block>
            </sub-events>
        </event-block>
    </events>
</c2eventsheet>
